ap_complexity,cum_nnz_ap,failed,grid_complexity,iterations,meta_c_diag,meta_rhs_seed,meta_s1,meta_s2,meta_s3,mode,n0,nnz_a0,num_levels,nx,ny,nz,operator_complexity,param_coarsen_type,param_interp_type,param_max_row_sum,param_strong_threshold,param_trunc_factor,residual_norm,runtime_sec,solver_max_iter,solver_tol,stencil,t,work_units
1.0,31684.0,False,1.0,11,0.7999424986483411,3886773555917185394,1.8461586234546854,1.9324879868230211,1.5054949354079377,"fixed_(th,mxrs,tr)=(0.50,1e-6,0.999999)",3600,31684,1,60,60,1,,10,6,1e-06,0.5,0.999999,6.553023610245528e-09,0.000936100012040697,10000,1e-08,27,1,11.0
1.0,31684.0,False,1.0,11,0.7999424986483411,3886773555917185394,1.8461586234546854,1.9324879868230211,1.5054949354079377,"fixed_(th,mxrs,tr)=(0.05,0.10,0.80)",3600,31684,1,60,60,1,,10,6,0.1,0.05,0.8,4.8443182646179986e-09,0.0008669999951962382,10000,1e-08,27,1,11.0
1.0,31684.0,False,1.0,11,3.3226127534008993,5255780923719543677,0.5060091646347322,0.8421800651717898,0.5400775149806676,"fixed_(th,mxrs,tr)=(0.50,1e-6,0.999999)",3600,31684,1,60,60,1,,10,6,1e-06,0.5,0.999999,7.047189624193497e-09,0.0009136000007856637,10000,1e-08,27,2,11.0
1.0,31684.0,False,1.0,11,3.3226127534008993,5255780923719543677,0.5060091646347322,0.8421800651717898,0.5400775149806676,"fixed_(th,mxrs,tr)=(0.05,0.10,0.80)",3600,31684,1,60,60,1,,10,6,0.1,0.05,0.8,4.9314963988535805e-09,0.0010755999974207953,10000,1e-08,27,2,11.0
1.0,31684.0,False,1.0,11,4.29730323821992,201855428075195731,0.776261076441333,1.921296115112434,1.5930422827325992,"fixed_(th,mxrs,tr)=(0.50,1e-6,0.999999)",3600,31684,1,60,60,1,,10,6,1e-06,0.5,0.999999,7.916388784542182e-09,0.0010131000017281622,10000,1e-08,27,3,11.0
1.0,31684.0,False,1.0,11,4.29730323821992,201855428075195731,0.776261076441333,1.921296115112434,1.5930422827325992,"fixed_(th,mxrs,tr)=(0.05,0.10,0.80)",3600,31684,1,60,60,1,,10,6,0.1,0.05,0.8,6.316269138523605e-09,0.0009165999945253134,10000,1e-08,27,3,11.0
1.0,31684.0,False,1.0,11,4.044713198208486,8802067391120482639,1.7494434857833903,0.6499753881857991,0.5909231620457627,"fixed_(th,mxrs,tr)=(0.50,1e-6,0.999999)",3600,31684,1,60,60,1,,10,6,1e-06,0.5,0.999999,7.213218831064763e-09,0.0009374999935971573,10000,1e-08,27,4,11.0
1.0,31684.0,False,1.0,11,4.044713198208486,8802067391120482639,1.7494434857833903,0.6499753881857991,0.5909231620457627,"fixed_(th,mxrs,tr)=(0.05,0.10,0.80)",3600,31684,1,60,60,1,,10,6,0.1,0.05,0.8,5.471995859341877e-09,0.0008890000026440248,10000,1e-08,27,4,11.0
1.0,31684.0,False,1.0,11,3.0340691370346096,2652997052628517777,0.5709646776402874,0.5605845075621392,1.2069179527609228,"fixed_(th,mxrs,tr)=(0.50,1e-6,0.999999)",3600,31684,1,60,60,1,,10,6,1e-06,0.5,0.999999,7.596146946433275e-09,0.0009296000062022358,10000,1e-08,27,5,11.0
1.0,31684.0,False,1.0,11,3.0340691370346096,2652997052628517777,0.5709646776402874,0.5605845075621392,1.2069179527609228,"fixed_(th,mxrs,tr)=(0.05,0.10,0.80)",3600,31684,1,60,60,1,,10,6,0.1,0.05,0.8,5.261660712928459e-09,0.0009043000027304515,10000,1e-08,27,5,11.0
