t,s1,s2,s3,c_diag,a0,a1,a2,a3,rhs_seed
1,1.8461586234546854,1.9324879868230211,1.5054949354079377,0.7999424986483411,31.49797326601712,-7.384634493818742,-0.2898731980234532,-0.018818686692599222,3886773555917185394
2,0.5060091646347322,0.8421800651717898,0.5400775149806676,3.3226127534008993,11.92406742665969,-2.024036658538929,-0.12632700977576847,-0.006750968937258345,5255780923719543677
3,0.776261076441333,1.921296115112434,1.5930422827325992,4.29730323821992,17.87025813034871,-3.105044305765332,-0.28819441726686507,-0.019913028534157492,201855428075195731
4,1.7494434857833903,0.6499753881857991,0.5909231620457627,4.044713198208486,32.425794203654206,-6.997773943133561,-0.09749630822786987,-0.007386539525572034,8802067391120482639
5,0.5709646776402874,0.5605845075621392,1.2069179527609228,3.0340691370346096,12.50585468381649,-2.2838587105611494,-0.08408767613432087,-0.015086474409511537,2652997052628517777
6,0.5267177493740276,0.5555425076659914,1.8961904263944047,0.6615406296020337,9.42235012418607,-2.1068709974961104,-0.08333137614989872,-0.02370238032993006,718985791987409392
7,1.501613339043082,1.2622585366472352,1.175131939857821,4.457532258392095,29.240700805069746,-6.006453356172328,-0.18933878049708527,-0.014689149248222764,6429427524466873242
8,1.4165166435828274,1.102796802036133,1.3164628621817676,0.7872417322312991,24.113186110778216,-5.6660665743313094,-0.16541952030541993,-0.016455785777272094,1255357281900681309
9,1.6599002305315695,0.8903313834288131,0.6773601715666207,3.3412753849534953,30.433877903515896,-6.639600922126278,-0.13354970751432196,-0.008467002144582758,6296373741356724532
10,1.4488650713838376,1.1138349650574586,0.9290322355138316,2.152280352598863,26.002422473774743,-5.79546028553535,-0.1670752447586188,-0.011612902943922896,7129824408984143975
11,1.7254495918616108,0.6111265357416558,1.3024989046392712,0.5324032280953972,28.506272619326165,-6.901798367446443,-0.09166898036124836,-0.01628123630799089,4227472382297824874
12,1.639398527796664,1.661589416573845,1.3852411630319543,2.5001276241189645,29.727457718809895,-6.557594111186656,-0.24923841248607673,-0.01731551453789943,3262378695890712876
13,1.464453955697702,1.8821035138915938,1.986965740467803,2.282901832316067,26.843427231814257,-5.857815822790808,-0.2823155270837391,-0.02483707175584754,1096713663323691098
14,0.6868506021728629,1.3503804047221415,1.6750833924660316,4.7820997173416915,16.581937594940783,-2.7474024086914515,-0.20255706070832122,-0.020938542405825395,5967832850542815356
15,1.9875105801384827,1.7151003138840248,1.722420285435501,2.84511409118108,35.67434356172722,-7.950042320553931,-0.2572650470826037,-0.021530253567943764,8769778309307399055
16,1.5005862864296968,0.6339123658164167,1.7580536519361807,2.179592384428635,26.569320386793635,-6.002345145718787,-0.0950868548724625,-0.02197567064920226,8989884534847031427
17,1.8060732740438799,1.5851482152626988,0.5931044031395477,0.41151706736491045,30.25977838122461,-7.224293096175519,-0.2377722322894048,-0.007413805039244346,9196872936152683188
18,1.9167388584138316,1.9532168415020699,1.640274090276981,4.828175266513867,36.667927106036416,-7.6669554336553265,-0.29298252622531046,-0.020503426128462263,3800200902917734386
19,1.2264153390415256,1.964036916822817,1.4329167951628639,2.5930476139233387,23.39411518868144,-4.905661356166102,-0.2946055375234225,-0.017911459939535797,7349091607867453287
20,1.1057159670340602,1.120622817364173,0.9450723632441861,2.9133212444028356,21.2771504073663,-4.422863868136241,-0.16809342260462595,-0.011813404540552326,6496074532292698479
21,1.0631624331444516,0.8820954412688949,1.8985193859367173,3.228450946204897,20.76830714127746,-4.252649732577806,-0.13231431619033424,-0.02373149232420897,5656152247481798633
22,0.5231398809042128,1.3523997765090745,0.6175997479794049,2.3397127512613958,11.521390711634247,-2.0925595236168513,-0.20285996647636118,-0.007719996849742561,6066650354046280670
23,1.0595156840946323,1.8057632954130363,0.8487389375722645,3.1490759301601563,21.184784852922093,-4.238062736378529,-0.2708644943119554,-0.010609236719653307,3680141255312567604
24,1.958617835917644,1.6490186252934111,1.1410760841505356,2.191240110239781,34.518536660098135,-7.834471343670576,-0.24735279379401165,-0.014263451051881697,7663433248202297274
25,1.1855923558233292,0.76119867249247,0.7035832667624327,3.92805442111144,23.35425131778019,-4.742369423293317,-0.11417980087387049,-0.008794790834530409,4929084581548182600
26,0.8102827289168897,1.2969484888320435,0.5744298770391421,1.3484314723556878,15.09112422832515,-3.2411309156675587,-0.19454227332480653,-0.007180373462989276,2318118576596556253
27,1.000975642184116,1.8531410299950506,1.3910928100011515,0.6787782247261542,17.806273117669043,-4.003902568736464,-0.2779711544992576,-0.017388660125014395,8929354835364727097
28,1.0465504147787383,0.846813284709729,1.2452856054859003,1.2487724922848114,18.50166709957046,-4.186201659114953,-0.12702199270645936,-0.015566070068573754,5427702760769622506
29,1.4230664118671699,1.5399408224781994,1.5056062454778785,3.4175834767514623,27.110610560113102,-5.6922656474686795,-0.2309911233717299,-0.01882007806847348,3417100270555675515
30,1.294140753615709,1.1089341014570218,0.6890673773383171,2.2153348186384143,23.58694733736397,-5.176563014462836,-0.16634011521855327,-0.008613342216728964,6953876827851936815
31,1.672839899352748,1.1329714961355488,1.8413721531201945,4.090175548746197,31.53539683607149,-6.691359597410992,-0.16994572442033232,-0.023017151914002432,2138421948973191266
32,1.7715759114920178,1.642094061471187,0.8624986688960481,4.9007102668522275,34.23118128760722,-7.086303645968071,-0.24631410922067803,-0.010781233361200602,8633049240512469745
33,1.7180758565744534,1.1676050092763726,1.2155231800764474,3.3169476382022376,31.506724348959313,-6.8723034262978135,-0.17514075139145588,-0.015194039750955594,2483125817087682680
34,0.7190253924762515,1.7924073755180219,0.8914221548463577,3.161757286983629,15.741607991914467,-2.876101569905006,-0.26886110632770327,-0.011142776935579472,6257180089411661159
35,1.892198529067466,0.5758066599187918,0.5141025215629662,0.4279345186806449,31.04859497971138,-7.568794116269864,-0.08637099898781876,-0.006426281519537078,6255335600030459431
36,1.8953723729062382,0.8844571144208961,0.8868013217193569,2.3081502734484545,33.1647825086008,-7.581489491624953,-0.1326685671631344,-0.011085016521491962,881432210759806351
37,0.5598225666652483,1.4845867889395443,1.5606117468516696,4.618283077035937,14.466196217043636,-2.2392902666609933,-0.22268801834093163,-0.019507646835645872,1731336932046744492
38,0.5758151043896622,1.9889338916463255,1.4453143827794408,2.411843002698551,12.818245007920943,-2.303260417558649,-0.2983400837469488,-0.018066429784743012,1490064689382130756
39,1.8274190821238636,1.3786629123778515,1.1654664325536064,1.4343219635428643,31.500225024951394,-7.3096763284954545,-0.20679943685667773,-0.01456833040692008,3704330898605407883
40,1.185510894730673,0.6274722778696473,1.437261703127958,0.3295824195155256,19.67424010192808,-4.742043578922692,-0.0941208416804471,-0.017965771289099475,1206683563839837185
41,0.774807321827152,1.069485243741242,1.9530946056727534,3.1622451256019346,16.200853421081113,-3.099229287308608,-0.1604227865611863,-0.02441368257090942,3297752813757807701
42,0.9129388389230866,1.5720335203862144,1.5669184580895195,0.3946110928884583,15.944852627889572,-3.6517553556923463,-0.23580502805793213,-0.019586480726118995,6177848698463882623
43,1.148830005066327,1.1712636762944597,0.5184018603790961,0.8139602560993286,19.897998542937234,-4.595320020265308,-0.17568955144416895,-0.006480023254738701,4547260345696223253
44,0.7705209545382165,0.8553689699609661,1.120932266551486,4.8657130346120345,17.70726968920008,-3.082083818152866,-0.1283053454941449,-0.014011653331893576,4711666097955523191
45,1.2422170818144966,0.5775399348424486,1.962900435039709,3.0062561892381985,23.228253459175612,-4.9688683272579866,-0.08663099022636729,-0.024536255437996365,7493106818367828027
46,1.7747459299056725,1.6082546896610082,1.7045602267459499,2.1527135111342997,31.513601203421665,-7.09898371962269,-0.2412382034491512,-0.021307002834324375,6520205760322048572
47,1.5108290882531077,0.9900379217600415,1.9813026543557575,4.240257169400503,29.00754533450625,-6.043316353012431,-0.1485056882640062,-0.02476628317944697,5497424589708610024
48,1.064591251831338,1.2601390285472716,1.7257601149435788,0.6694177621242015,18.458961208553973,-4.258365007325352,-0.18902085428209073,-0.021572001436794736,8394771660259312761
49,0.6519238436374359,0.9185621102670167,0.5383626446528471,0.6188153799712964,11.600734144330481,-2.6076953745497438,-0.1377843165400525,-0.006729533058160589,4013173676242652976
50,0.9268346035364169,0.8404706381881317,0.9483631989270194,0.3100012430210608,15.64363728251661,-3.7073384141456676,-0.12607059572821974,-0.011854539986587743,8739137716950722228
