chosen_strong_threshold,context_0,context_1,context_2,context_3,context_4,loss_used,t,trial
0.65,1.0,1.660934072833945,1.1583176596280784,1.7878968798670738,3.4868401452968194,36.992488322181536,1,1
0.3,1.0,1.963433527455134,1.6417095529855295,1.6790964579154308,0.6405681633777294,30.904557505365485,2,1
0.5499999999999999,1.0,1.056197036348872,1.8901474832729028,1.4657976801209969,4.113808066354149,31.827294533518494,3,1
0.9,1.0,0.8408580826771653,1.3318771805237521,0.5957258841562629,4.13815585996291,31.47809619997475,4,1
0.15,1.0,1.6371316101280606,1.0317889521948025,1.9560470365923548,4.465605606610988,27.761551571771243,5,1
0.1,1.0,0.7919580617779514,1.2000815055905512,0.5657056486808432,0.7714474603377391,27.78768463577831,6,1
0.2,1.0,1.6171432338617258,1.951264598651315,0.9887380372072279,1.8522985301743444,31.030804191389976,7,1
0.85,1.0,0.7842070386264286,0.6948822580032075,1.2135573893389007,1.1345467452544207,41.22838025501831,8,1
0.05,1.0,1.155727878308496,1.749017294086756,1.5503976530033736,1.5618332069102054,23.020451963135965,9,1
0.35,1.0,1.7071465362452027,1.0812175685452616,0.9324921558953662,3.4124775198748774,30.82186592601944,10,1
0.7,1.0,0.7998623037126624,0.5110434046265082,1.6803865662532076,3.324254282960161,35.7969006438581,11,1
0.7999999999999999,1.0,1.6710935465329517,1.18837366330751,1.3531117939293407,0.6989849906382872,41.79238732483272,12,1
0.95,1.0,1.5026044426857075,1.2066443092146988,1.3478541597217832,3.824994287080128,35.755996717586164,13,1
0.39999999999999997,1.0,1.3303691009869938,1.3388107411181203,0.9559251470939183,0.15408917283969703,31.30917813407398,14,1
0.75,1.0,0.8218770092292937,1.1127929655869542,1.7801046099022493,1.1696974293267037,37.170590834490596,15,1
0.25,1.0,0.9220758380329948,0.9403906366500254,1.4928747720903426,2.7851607617063916,27.740247443504607,16,1
0.85,1.0,1.4964703104910813,1.1095802921601057,1.721030576999052,0.8348645995385195,41.721689180659006,17,1
0.3,1.0,0.6350717911634627,1.5835390258946753,1.1928158453770812,0.806358895168009,27.719795480368642,18,1
0.95,1.0,0.7284681540697526,1.544480562616604,1.1692344133610462,1.9051061304824124,35.755996717586164,19,1
0.35,1.0,1.4454238896783327,1.0427189158300856,0.6314748789741516,0.5900295106025766,31.16841307915667,20,1
