t,s1,s2,s3,c_diag,rhs_seed,chosen_strong_threshold,chosen_coarsen_type,chosen_interp_type,wu_linucb,wu_default,pred_mean,pred_uncert
1,1.8461586234546854,1.9324879868230211,1.5054949354079377,0.7999424986483411,3886773555917185394,0.4,6,6,31.97386693599293,31.090771367251612,0.0,3.324038881218764
2,0.5060091646347322,0.8421800651717898,0.5400775149806676,3.3226127534008993,5255780923719543677,0.7,10,0,29.84092917560914,23.693725539704584,0.0,3.6464711390763944
3,0.776261076441333,1.921296115112434,1.5930422827325992,4.29730323821992,201855428075195731,0.1,8,8,22.54658502714304,23.68665572528721,0.0,5.128212052609885
4,1.7494434857833903,0.6499753881857991,0.5909231620457627,4.044713198208486,8802067391120482639,0.4,10,0,26.04671127382906,27.707865168539325,0.0,4.603467774884636
5,0.5709646776402874,0.5605845075621392,1.2069179527609228,3.0340691370346096,2652997052628517777,0.7,10,8,29.841939149097335,23.68716071203131,0.0,3.507489433517102
6,0.5267177493740276,0.5555425076659914,1.8961904263944047,0.6615406296020337,718985791987409392,0.7,10,6,41.30065648276733,30.741699280393888,0.0,2.370492185832619
7,1.501613339043082,1.2622585366472352,1.175131939857821,4.457532258392095,6429427524466873242,0.1,8,6,24.96181037747759,27.793649791692967,0.0,5.108685559320623
8,1.4165166435828274,1.102796802036133,1.3164628621817676,0.7872417322312991,1255357281900681309,0.5,6,6,41.93820224719101,31.181668981189247,0.0,2.564274595397035
9,1.6599002305315695,0.8903313834288131,0.6773601715666207,3.3412753849534953,6296373741356724532,0.5,10,0,37.01918949627572,27.881706855195052,0.0,4.021305353707663
10,1.4488650713838376,1.1138349650574586,0.9290322355138316,2.152280352598863,7129824408984143975,0.1,8,0,25.777616462567856,31.02606994066406,0.0,3.136120204212134
11,1.7254495918616108,0.6111265357416558,1.3024989046392712,0.5324032280953972,4227472382297824874,0.4,8,0,41.845726549678076,31.232798889029162,0.0,2.5160700567782084
12,1.639398527796664,1.661589416573845,1.3852411630319543,2.5001276241189645,3262378695890712876,0.4,10,8,27.810693094306274,27.677187223835375,0.0,3.8233543046457177
13,1.464453955697702,1.8821035138915938,1.986965740467803,2.282901832316067,1096713663323691098,0.7,6,6,41.30065648276733,31.038694609266507,0.0,3.980780407802791
14,0.6868506021728629,1.3503804047221415,1.6750833924660316,4.7820997173416915,5967832850542815356,0.5,6,0,29.84092917560914,23.68665572528721,0.0,5.382348285412024
15,1.9875105801384827,1.7151003138840248,1.722420285435501,2.84511409118108,8769778309307399055,0.25,8,0,28.437444767074865,31.0273324075243,0.0,4.353524230363758
16,1.5005862864296968,0.6339123658164167,1.7580536519361807,2.179592384428635,8989884534847031427,0.25,8,6,28.234282287589952,30.82186592601944,0.0,3.39042470730457
17,1.8060732740438799,1.5851482152626988,0.5931044031395477,0.41151706736491045,9196872936152683188,0.7,8,0,53.50807978790557,31.257732609519003,0.0,2.701058064041244
18,1.9167388584138316,1.9532168415020699,1.640274090276981,4.828175266513867,3800200902917734386,0.5,10,8,35.82104532256028,27.75416614063881,0.0,5.872879989978606
19,1.2264153390415256,1.964036916822817,1.4329167951628639,2.5930476139233387,7349091607867453287,0.25,8,8,28.25789041787653,27.627193536169678,0.0,3.8908459317239164
20,1.1057159670340602,1.120622817364173,0.9450723632441861,2.9133212444028356,6496074532292698479,0.5,8,6,28.341434162353238,27.514139628834744,0.0,3.585945585673062
21,1.0631624331444516,0.8820954412688949,1.8985193859367173,3.228450946204897,5656152247481798633,0.25,6,6,27.934825148339854,27.4587488953415,0.0,4.115298056955999
22,0.5231398809042128,1.3523997765090745,0.6175997479794049,2.3397127512613958,6066650354046280670,0.5,8,0,21.286769347304634,23.543239489963387,0.0,2.993049564844134
23,1.0595156840946323,1.8057632954130363,0.8487389375722645,3.1490759301601563,3680141255312567604,0.1,10,0,26.04671127382906,27.394552455498044,0.0,4.002548133622982
24,1.958617835917644,1.6490186252934111,1.1410760841505356,2.191240110239781,7663433248202297274,0.1,6,0,29.313218028026764,31.022598156798384,0.0,3.695813050505024
25,1.1855923558233292,0.76119867249247,0.7035832667624327,3.92805442111144,4929084581548182600,0.5,6,8,35.805706350208304,27.59509531624795,0.0,4.34852775105233
26,0.8102827289168897,1.2969484888320435,0.5744298770391421,1.3484314723556878,2318118576596556253,0.7,6,8,37.17030677944704,27.926871607120315,0.0,2.342407010478592
27,1.000975642184116,1.8531410299950506,1.3910928100011515,0.6787782247261542,8929354835364727097,0.1,10,8,27.847336194924885,27.92857593738164,0.0,2.7985644530180664
28,1.0465504147787383,0.846813284709729,1.2452856054859003,1.2487724922848114,5427702760769622506,0.4,8,8,29.248043176366618,30.75179901527585,0.0,2.4336247628901284
29,1.4230664118671699,1.5399408224781994,1.5056062454778785,3.4175834767514623,3417100270555675515,0.4,8,6,25.87993940159071,27.52436561040273,0.0,4.398097626963952
30,1.294140753615709,1.1089341014570218,0.6890673773383171,2.2153348186384143,6953876827851936815,0.1,10,6,30.503408660522663,30.84427471278879,0.0,3.0474673649978485
31,1.672839899352748,1.1329714961355488,1.8413721531201945,4.090175548746197,2138421948973191266,0.25,10,8,27.449091023860625,27.70701300340866,0.0,5.020179794167724
32,1.7715759114920178,1.642094061471187,0.8624986688960481,4.9007102668522275,8633049240512469745,0.4,10,6,27.83881454361823,27.75700669107436,0.0,5.621015850393592
33,1.7180758565744534,1.1676050092763726,1.2155231800764474,3.3169476382022376,2483125817087682680,0.25,10,6,30.991352102007323,30.991352102007323,0.0,4.218379350237468
34,0.7190253924762515,1.7924073755180219,0.8914221548463577,3.161757286983629,6257180089411661159,0.1,6,8,24.82211841939149,23.68716071203131,0.0,3.9396781993942134
35,1.892198529067466,0.5758066599187918,0.5141025215629662,0.4279345186806449,6255335600030459431,0.1,6,6,31.129907839919202,31.057000378740057,0.0,2.3150373513115836
36,1.8953723729062382,0.8844571144208961,0.8868013217193569,2.3081502734484545,881432210759806351,0.7,8,6,31.518937002903673,31.01092033834112,0.0,3.389494813132089
37,0.5598225666652483,1.4845867889395443,1.5606117468516696,4.618283077035937,1731336932046744492,0.5,8,8,21.626814796111603,23.68716071203131,0.0,5.223164447352719
38,0.5758151043896622,1.9889338916463255,1.4453143827794408,2.411843002698551,1490064689382130756,0.7,8,8,25.07155030930438,24.21790178007827,0.0,3.6322639489053863
39,1.8274190821238636,1.3786629123778515,1.1654664325536064,1.4343219635428643,3704330898605407883,0.7,6,0,41.78702184067668,31.1901906324959,0.0,3.107372431522699
40,1.185510894730673,0.6274722778696473,1.437261703127958,0.3295824195155256,1206683563839837185,0.4,6,8,31.398182047721246,31.105605352859488,0.0,2.2301352684427087
41,0.774807321827152,1.069485243741242,1.9530946056727534,3.1622451256019346,3297752813757807701,0.4,6,0,26.113464209064514,26.488700921600806,0.0,4.069213418541528
42,0.9129388389230866,1.5720335203862144,1.5669184580895195,0.3946110928884583,6177848698463882623,0.25,10,0,29.123847998990023,31.02102007322308,0.0,2.629771488507009
43,1.148830005066327,1.1712636762944597,0.5184018603790961,0.8139602560993286,4547260345696223253,0.25,6,8,31.5809241257417,31.054159828304506,0.0,2.1501025015801694
44,0.7705209545382165,0.8553689699609661,1.120932266551486,4.8657130346120345,4711666097955523191,0.5,10,6,29.84092917560914,23.541219542986997,0.0,5.220824752617567
45,1.2422170818144966,0.5775399348424486,1.962900435039709,3.0062561892381985,7493106818367828027,0.25,6,0,26.36627319782856,27.514139628834744,0.0,3.970794636832985
46,1.7747459299056725,1.6082546896610082,1.7045602267459499,2.1527135111342997,6520205760322048572,0.5,8,8,31.06170306779447,27.745928544375708,12.98699768025352,2.019272310573645
47,1.5108290882531077,0.9900379217600415,1.9813026543557575,4.240257169400503,5497424589708610024,0.1,8,8,24.98737533139755,27.526638050751167,21.022227182431497,1.560785164425787
48,1.064591251831338,1.2601390285472716,1.7257601149435788,0.6694177621242015,8394771660259312761,0.4,10,6,31.27288221184194,31.261520010099737,8.305195046141595,2.060725697804781
49,0.6519238436374359,0.9185621102670167,0.5383626446528471,0.6188153799712964,4013173676242652976,0.1,8,8,30.53364474182553,30.744855447544502,5.901729692862396,1.1111557633291507
50,0.9268346035364169,0.8404706381881317,0.9483631989270194,0.3100012430210608,8739137716950722228,0.5,10,6,42.06571140007575,31.000820603459157,5.285007369234461,1.6354150383717587
