instance,problem_id,baseline_strong_threshold_0.10_WU,baseline_strong_threshold_0.25_WU,baseline_strong_threshold_0.40_WU,baseline_strong_threshold_0.50_WU,baseline_strong_threshold_0.70_WU,tinf_amg_strong_threshold,tinf_amg_iterations,tinf_amg_cum_nnz_AP,tinf_amg_WU,tinf_amg_loss,tinf_amg_regret_vs_best_fixed,tinf_sor_strong_threshold,tinf_sor_iterations,tinf_sor_cum_nnz_AP,tinf_sor_WU,tinf_sor_loss,tinf_sor_regret_vs_best_fixed
1.0,p1,26.98717948717949,26.98717948717949,26.98717948717949,29.55128205128205,29.55128205128205,0.6,10.0,2.9551282051282053,29.55128205128205,30.55128205128205,2.564102564102562,0.6,10.0,2.9551282051282053,29.55128205128205,30.55128205128205,2.564102564102562
2.0,p2,29.685897435897438,29.685897435897438,29.685897435897438,32.506410256410255,32.506410256410255,0.30000000000000004,11.0,2.698717948717949,29.685897435897438,30.685897435897438,0.0,0.7000000000000001,11.0,2.9551282051282053,32.506410256410255,33.506410256410255,2.8205128205128176
3.0,p3,29.685897435897438,29.685897435897438,29.685897435897438,32.506410256410255,32.506410256410255,0.9,11.0,2.9551282051282053,32.506410256410255,33.506410256410255,2.8205128205128176,0.4,11.0,2.698717948717949,29.685897435897438,30.685897435897438,0.0
4.0,p4,26.98717948717949,26.98717948717949,26.98717948717949,29.55128205128205,29.55128205128205,0.7000000000000001,10.0,2.9551282051282053,29.55128205128205,30.55128205128205,2.564102564102562,0.1,10.0,2.698717948717949,26.98717948717949,27.98717948717949,0.0
5.0,p5,26.98717948717949,26.98717948717949,26.98717948717949,26.73076923076923,29.55128205128205,0.8,10.0,2.9551282051282053,29.55128205128205,30.55128205128205,2.564102564102562,0.2,10.0,2.698717948717949,26.98717948717949,27.98717948717949,0.0
6.0,p6,29.685897435897438,29.685897435897438,29.685897435897438,32.506410256410255,32.506410256410255,0.2,11.0,2.698717948717949,29.685897435897438,30.685897435897438,0.0,0.30000000000000004,11.0,2.698717948717949,29.685897435897438,30.685897435897438,0.0
7.0,p7,29.685897435897438,29.685897435897438,29.685897435897438,32.506410256410255,32.506410256410255,0.1,11.0,2.698717948717949,29.685897435897438,30.685897435897438,0.0,0.9,11.0,2.9551282051282053,32.506410256410255,33.506410256410255,2.8205128205128176
8.0,p8,29.685897435897438,29.685897435897438,29.685897435897438,32.506410256410255,32.506410256410255,0.4,11.0,2.698717948717949,29.685897435897438,30.685897435897438,0.0,0.5,11.0,2.9551282051282053,32.506410256410255,33.506410256410255,2.8205128205128176
9.0,p9,26.98717948717949,26.98717948717949,26.98717948717949,29.55128205128205,29.55128205128205,0.5,10.0,2.9551282051282053,29.55128205128205,30.55128205128205,2.564102564102562,0.2,10.0,2.698717948717949,26.98717948717949,27.98717948717949,0.0
10.0,p10,29.685897435897438,29.685897435897438,29.685897435897438,29.403846153846153,32.506410256410255,0.2,11.0,2.698717948717949,29.685897435897438,30.685897435897438,0.0,0.1,11.0,2.698717948717949,29.685897435897438,30.685897435897438,0.0
