chosen_coarsen_type,chosen_interp_type,chosen_max_row_sum,chosen_strong_threshold,chosen_trunc_factor,context_0,context_1,context_2,context_3,context_4,loss_used,pred_mean,pred_uncert,t,trial
10,6,0.1,0.5,0.1,1.0,1.660934072833945,1.1583176596280784,1.7878968798670738,3.4868401452968194,0.111771833,0.0,4.5227238747019465,1,1
10,6,0.5,0.5,0.0,1.0,1.963433527455134,1.6417095529855295,1.6790964579154308,0.6405681633777294,0.009271,0.0,3.2832870663431364,2,1
10,6,0.9,0.5,0.0,1.0,1.056197036348872,1.8901474832729028,1.4657976801209969,4.113808066354149,0.007920708,0.0,4.975961146749801,3,1
10,6,0.1,0.4,0.2,1.0,0.8408580826771653,1.3318771805237521,0.5957258841562629,4.13815585996291,0.003423708,0.0,4.578226991926302,4,1
10,6,0.5,0.7,0.1,1.0,1.6371316101280606,1.0317889521948025,1.9560470365923548,4.465605606610988,0.006345,0.0,5.339713643437162,5,1
10,6,0.5,0.7,0.2,1.0,0.7919580617779514,1.2000815055905512,0.5657056486808432,0.7714474603377391,0.008762458,0.0,1.9956320444126303,6,1
10,6,0.5,0.4,0.2,1.0,1.6171432338617258,1.951264598651315,0.9887380372072279,1.8522985301743444,0.007712166,0.0,3.4396509305278458,7,1
10,6,0.1,0.25,0.2,1.0,0.7842070386264286,0.6948822580032075,1.2135573893389007,1.1345467452544207,0.009183,0.0,2.204032641842066,8,1
10,6,0.5,0.25,0.0,1.0,1.155727878308496,1.749017294086756,1.5503976530033736,1.5618332069102054,0.007244584,0.0,3.1996600244963216,9,1
10,6,0.1,0.25,0.1,1.0,1.7071465362452027,1.0812175685452616,0.9324921558953662,3.4124775198748774,0.006219667,0.0,4.19498810143756,10,1
10,6,0.9,0.7,0.1,1.0,0.7998623037126624,0.5110434046265082,1.6803865662532076,3.324254282960161,0.0088855,0.0,3.9718145243875624,11,1
10,6,0.1,0.7,0.1,1.0,1.6710935465329517,1.18837366330751,1.3531117939293407,0.6989849906382872,0.012648875,0.0,2.7430415871647433,12,1
10,6,0.5,0.25,0.2,1.0,1.5026044426857075,1.2066443092146988,1.3478541597217832,3.824994287080128,0.006803875,0.0,4.600119860635587,13,1
10,6,0.9,0.1,0.2,1.0,1.3303691009869938,1.3388107411181203,0.9559251470939183,0.15408917283969703,0.00917525,0.0,2.345172169676918,14,1
10,6,0.1,0.7,0.0,1.0,0.8218770092292937,1.1127929655869542,1.7801046099022493,1.1696974293267037,0.007713791,0.0,2.7296070231680303,15,1
10,6,0.1,0.7,0.2,1.0,0.9220758380329948,0.9403906366500254,1.4928747720903426,2.7851607617063916,0.004452084,0.0,3.5665605216056564,16,1
10,6,0.1,0.5,0.2,1.0,1.4964703104910813,1.1095802921601057,1.721030576999052,0.8348645995385195,0.010700083,0.0,2.851234287367434,17,1
10,6,0.5,0.7,0.0,1.0,0.6350717911634627,1.5835390258946753,1.1928158453770812,0.806358895168009,0.007565542,0.0,2.446208563320438,18,1
10,6,0.5,0.25,0.1,1.0,0.7284681540697526,1.544480562616604,1.1692344133610462,1.9051061304824124,0.006775708,0.0,2.985401906206887,19,1
10,6,0.9,0.4,0.0,1.0,1.4454238896783327,1.0427189158300856,0.6314748789741516,0.5900295106025766,0.008698875,0.0,2.2188754594253473,20,1
