w,episodes,mean_time,median_time,mean_cycles,median_cycles
0.5,60,0.31409189719706776,0.32593229319900274,20.0,20.0
0.75,60,0.32316696635292225,0.3393264578189701,20.0,20.0
1.0,60,0.32581950856062275,0.324313438963145,20.0,20.0
1.1,60,0.323221605635869,0.3299767493735999,19.9,20.0
1.2,60,0.3200458985830968,0.3194736251607537,19.5,20.0
1.25,60,0.31030296814472724,0.3162727290764451,19.15,20.0
1.3,60,0.30368469847987095,0.3027032273821533,18.866666666666667,19.5
1.4,60,0.2982579417216281,0.294844978954643,18.15,18.0
1.5,60,0.29947102916582174,0.3035374174360186,18.233333333333334,18.0
1.7,60,0.319043432121786,0.33031402062624693,20.0,20.0
2.0,60,0.3207210353575647,0.3281739577651024,20.0,20.0
